,total_readcount,WT,WT_%,single_mut_readcount,single_mut_readcount_%,ortho_mut_readcount,ortho_mut_readcount_%,double_mut_readcount,double_mut_readcount_%
input1,246643.0,5188.0,2.1,205555.0,83.3,35900.0,14.6,0.0,0.0
input2,220271.0,4632.0,2.1,185043.0,84.0,30596.0,13.900000000000002,0.0,0.0
input3,179455.0,3833.0,2.1,149874.0,83.5,25748.0,14.299999999999999,0.0,0.0
b1,167695.0,93.0,0.1,131883.0,78.60000000000001,35719.0,21.3,0.0,0.0
b2,114312.0,133.0,0.1,86701.0,75.8,27478.0,24.0,0.0,0.0
b3,133107.0,35.0,0.0,104688.0,78.60000000000001,28384.0,21.3,0.0,0.0
