,total_readcount,WT,WT_%,single_mut_readcount,single_mut_readcount_%,ortho_mut_readcount,ortho_mut_readcount_%,double_mut_readcount,double_mut_readcount_%
input1,246643.0,5188.0,2.1,205555.0,83.3,35900.0,14.6,0.0,0.0
input2,220271.0,4632.0,2.1,185043.0,84.0,30596.0,13.900000000000002,0.0,0.0
input3,179455.0,3833.0,2.1,149874.0,83.5,25748.0,14.299999999999999,0.0,0.0
b1,166048.0,29.0,0.0,133344.0,80.30000000000001,32675.0,19.7,0.0,0.0
b2,186974.0,313.0,0.2,140520.0,75.2,46141.0,24.7,0.0,0.0
b3,150965.0,74.0,0.0,122413.0,81.10000000000001,28478.0,18.9,0.0,0.0
