,total_readcount,WT,WT_%,single_mut_readcount,single_mut_readcount_%,ortho_mut_readcount,ortho_mut_readcount_%,double_mut_readcount,double_mut_readcount_%
input1,19878784.0,447.0,0.0,1311321.0,6.6000000000000005,0.0,0.0,18567016.0,93.4
input2,14036708.0,280.0,0.0,915936.0,6.5,0.0,0.0,13120492.0,93.5
input3,22281911.0,786.0,0.0,1451827.0,6.5,0.0,0.0,20829298.0,93.5
b1,17904070.0,738.0,0.0,986290.0,5.5,0.0,0.0,16917042.0,94.5
b2,9647955.0,387.0,0.0,543860.0,5.6000000000000005,0.0,0.0,9103708.0,94.39999999999999
b3,22508305.0,1252.0,0.0,1229359.0,5.5,0.0,0.0,21277694.0,94.5
