,total_readcount,WT,WT_%,single_mut_readcount,single_mut_readcount_%,ortho_mut_readcount,ortho_mut_readcount_%,double_mut_readcount,double_mut_readcount_%
input1,18663243.0,41633.0,0.2,531487.0,2.8000000000000003,0.0,0.0,18090123.0,96.89999999999999
input2,18320439.0,42512.0,0.2,513150.0,2.8000000000000003,0.0,0.0,17764777.0,97.0
input3,13170154.0,29296.0,0.2,369213.0,2.8000000000000003,0.0,0.0,12771645.0,97.0
b1,11929906.0,659.0,0.0,9255.0,0.1,0.0,0.0,11919992.0,99.9
b2,15404727.0,3583.0,0.0,11938.0,0.1,0.0,0.0,15389206.0,99.9
b3,12133424.0,637.0,0.0,8384.0,0.1,0.0,0.0,12124403.0,99.9
