,total_readcount,WT,WT_%,single_mut_readcount,single_mut_readcount_%,ortho_mut_readcount,ortho_mut_readcount_%,double_mut_readcount,double_mut_readcount_%
input1,18663243.0,41633.0,0.2,531487.0,2.8000000000000003,0.0,0.0,18090123.0,96.89999999999999
input2,18320439.0,42512.0,0.2,513150.0,2.8000000000000003,0.0,0.0,17764777.0,97.0
input3,13170154.0,29296.0,0.2,369213.0,2.8000000000000003,0.0,0.0,12771645.0,97.0
b1,17413851.0,1140.0,0.0,27970.0,0.2,0.0,0.0,17384741.0,99.8
b2,18349582.0,1482.0,0.0,22375.0,0.1,0.0,0.0,18325725.0,99.9
b3,21262351.0,2106.0,0.0,46125.0,0.2,0.0,0.0,21214120.0,99.8
