,total_readcount,WT,WT_%,single_mut_readcount,single_mut_readcount_%,ortho_mut_readcount,ortho_mut_readcount_%,double_mut_readcount,double_mut_readcount_%
input1,19878784.0,447.0,0.0,1311321.0,6.6000000000000005,0.0,0.0,18567016.0,93.4
input2,14036708.0,280.0,0.0,915936.0,6.5,0.0,0.0,13120492.0,93.5
input3,22281911.0,786.0,0.0,1451827.0,6.5,0.0,0.0,20829298.0,93.5
b1,17293324.0,732.0,0.0,1175112.0,6.800000000000001,0.0,0.0,16117480.0,93.2
b2,16180734.0,1047.0,0.0,1096555.0,6.800000000000001,0.0,0.0,15083132.0,93.2
b3,12224073.0,1232.0,0.0,828577.0,6.800000000000001,0.0,0.0,11394264.0,93.2
