,Total_reads,Reads_no_indels,Reads_no_indels_%,No_indels_acceptable_RC,Acceptable_RC_over_no_indels_%
input1,314999,306707,97.39999999999999,299956,97.8
input2,243376,239855,98.6,233758,97.5
input3,217211,211398,97.3,206271,97.6
b1,134959,131389,97.39999999999999,129140,98.3
b2,142368,138513,97.3,137066,99.0
b3,153820,149558,97.2,147963,98.9
