,total_readcount,WT,WT_%,single_mut_readcount,single_mut_readcount_%,ortho_mut_readcount,ortho_mut_readcount_%,double_mut_readcount,double_mut_readcount_%
input1,142550.0,1432.0,1.0,125900.0,88.3,15218.0,10.7,0.0,0.0
input2,190793.0,1957.0,1.0,165850.0,86.9,22986.0,12.0,0.0,0.0
input3,146548.0,1535.0,1.0,128638.0,87.8,16375.0,11.200000000000001,0.0,0.0
b1,236321.0,2937.0,1.2,209399.0,88.6,23985.0,10.100000000000001,0.0,0.0
b2,241562.0,2913.0,1.2,213461.0,88.4,25188.0,10.4,0.0,0.0
b3,139270.0,1820.0,1.3,126673.0,91.0,10777.0,7.7,0.0,0.0
