,Filtered_sequenced_variants,Filtered_sequenced_variants_rc,Usable_variants,Covered_variants_%,Usable_variants_rc,Usable_variants_%rc,Unsequenced_variants,Unexpected_variants,Unexpected_variants_rc
input1,14135,20245597,4766,13.3,19878784.0,98.2,30743,9369,366813.0
input2,12282,14296267,3612,10.100000000000001,14036708.0,98.2,30743,8670,259559.0
input3,13948,22690163,4108,11.4,22281911.0,98.2,30743,9840,408252.0
b1,9589,15899210,3647,10.2,15534700.0,97.7,30743,5942,364510.0
b2,9917,18716916,3693,10.299999999999999,18296652.0,97.8,30743,6224,420264.0
b3,10145,18916102,3721,10.4,18105581.0,95.7,30743,6424,810521.0
