,total_readcount,WT,WT_%,single_mut_readcount,single_mut_readcount_%,ortho_mut_readcount,ortho_mut_readcount_%,double_mut_readcount,double_mut_readcount_%
input1,19878784.0,447.0,0.0,1311321.0,6.6000000000000005,0.0,0.0,18567016.0,93.4
input2,14036708.0,280.0,0.0,915936.0,6.5,0.0,0.0,13120492.0,93.5
input3,22281911.0,786.0,0.0,1451827.0,6.5,0.0,0.0,20829298.0,93.5
b1,15534700.0,684.0,0.0,692267.0,4.5,0.0,0.0,14841749.0,95.5
b2,18296652.0,1640.0,0.0,821495.0,4.5,0.0,0.0,17473517.0,95.5
b3,18105581.0,944.0,0.0,796161.0,4.3999999999999995,0.0,0.0,17308476.0,95.6
