,Total_reads,Reads_no_indels,Reads_no_indels_%,No_indels_acceptable_RC,Acceptable_RC_over_no_indels_%
input1,197867,197324,99.7,172141,87.2
input2,162852,162306,99.7,140641,86.7
input3,8493,8433,99.3,6883,81.6
b1,241238,240985,99.9,213469,88.6
b2,194884,194625,99.9,174376,89.60000000000001
b3,206872,206652,99.9,185141,89.60000000000001
