,total_readcount,WT,WT_%,single_mut_readcount,single_mut_readcount_%,ortho_mut_readcount,ortho_mut_readcount_%,double_mut_readcount,double_mut_readcount_%
input1,18663243.0,41633.0,0.2,531487.0,2.8000000000000003,0.0,0.0,18090123.0,96.89999999999999
input2,18320439.0,42512.0,0.2,513150.0,2.8000000000000003,0.0,0.0,17764777.0,97.0
input3,13170154.0,29296.0,0.2,369213.0,2.8000000000000003,0.0,0.0,12771645.0,97.0
b1,21265664.0,59599.0,0.3,530166.0,2.5,0.0,0.0,20675899.0,97.2
b2,18635195.0,53595.0,0.3,456417.0,2.4,0.0,0.0,18125183.0,97.3
b3,15514758.0,41558.0,0.3,385242.0,2.5,0.0,0.0,15087958.0,97.2
