,total_readcount,WT,WT_%,single_mut_readcount,single_mut_readcount_%,ortho_mut_readcount,ortho_mut_readcount_%,double_mut_readcount,double_mut_readcount_%
input1,142550.0,1432.0,1.0,125900.0,88.3,15218.0,10.7,0.0,0.0
input2,190793.0,1957.0,1.0,165850.0,86.9,22986.0,12.0,0.0,0.0
input3,146548.0,1535.0,1.0,128638.0,87.8,16375.0,11.200000000000001,0.0,0.0
b1,249879.0,164.0,0.1,214623.0,85.9,35092.0,14.000000000000002,0.0,0.0
b2,257333.0,260.0,0.1,222858.0,86.6,34215.0,13.3,0.0,0.0
b3,207307.0,67.0,0.0,181250.0,87.4,25990.0,12.5,0.0,0.0
