,total_readcount,WT,WT_%,single_mut_readcount,single_mut_readcount_%,ortho_mut_readcount,ortho_mut_readcount_%,double_mut_readcount,double_mut_readcount_%
input1,246643.0,5188.0,2.1,205555.0,83.3,35900.0,14.6,0.0,0.0
input2,220271.0,4632.0,2.1,185043.0,84.0,30596.0,13.900000000000002,0.0,0.0
input3,179455.0,3833.0,2.1,149874.0,83.5,25748.0,14.299999999999999,0.0,0.0
b1,183070.0,63.0,0.0,150257.0,82.1,32750.0,17.9,0.0,0.0
b2,209580.0,218.0,0.1,164465.0,78.5,44897.0,21.4,0.0,0.0
b3,200196.0,115.0,0.1,164426.0,82.1,35655.0,17.8,0.0,0.0
