,Filtered_sequenced_variants,Filtered_sequenced_variants_rc,Usable_variants,Covered_variants_%,Usable_variants_rc,Usable_variants_%rc,Unsequenced_variants,Unexpected_variants,Unexpected_variants_rc
input1,697,277709,225,65.0,265189.0,95.5,116,472,12520.0
input2,731,222982,228,65.9,211910.0,95.0,116,503,11072.0
input3,677,215479,224,64.7,205572.0,95.39999999999999,116,453,9907.0
b1,403,115717,214,61.8,110408.0,95.39999999999999,116,189,5309.0
b2,474,294012,220,63.6,280582.0,95.39999999999999,116,254,13430.0
b3,406,172749,215,62.1,164927.0,95.5,116,191,7822.0
