,total_readcount,WT,WT_%,single_mut_readcount,single_mut_readcount_%,ortho_mut_readcount,ortho_mut_readcount_%,double_mut_readcount,double_mut_readcount_%
input1,265189.0,920.0,0.3,198756.0,74.9,65513.0,24.7,0.0,0.0
input2,211910.0,760.0,0.4,162840.0,76.8,48310.0,22.8,0.0,0.0
input3,205572.0,705.0,0.3,156011.0,75.9,48856.0,23.799999999999997,0.0,0.0
b1,110408.0,305.0,0.3,81072.0,73.4,29031.0,26.3,0.0,0.0
b2,280582.0,949.0,0.3,204122.0,72.7,75511.0,26.900000000000002,0.0,0.0
b3,164927.0,421.0,0.3,122234.0,74.1,42272.0,25.6,0.0,0.0
