,total_readcount,WT,WT_%,single_mut_readcount,single_mut_readcount_%,ortho_mut_readcount,ortho_mut_readcount_%,double_mut_readcount,double_mut_readcount_%
input1,186506.0,3695.0,2.0,130543.0,70.0,52268.0,28.000000000000004,0.0,0.0
input2,151288.0,3056.0,2.0,110250.0,72.89999999999999,37982.0,25.1,0.0,0.0
input3,7318.0,141.0,1.9,5197.0,71.0,1980.0,27.1,0.0,0.0
b1,198793.0,43.0,0.0,198196.0,99.7,554.0,0.3,0.0,0.0
b2,197214.0,88.0,0.0,194445.0,98.6,2681.0,1.4000000000000001,0.0,0.0
b3,177739.0,38.0,0.0,175321.0,98.6,2380.0,1.3,0.0,0.0
