,total_readcount,WT,WT_%,single_mut_readcount,single_mut_readcount_%,ortho_mut_readcount,ortho_mut_readcount_%,double_mut_readcount,double_mut_readcount_%
input1,246643.0,5188.0,2.1,205555.0,83.3,35900.0,14.6,0.0,0.0
input2,220271.0,4632.0,2.1,185043.0,84.0,30596.0,13.900000000000002,0.0,0.0
input3,179455.0,3833.0,2.1,149874.0,83.5,25748.0,14.299999999999999,0.0,0.0
b1,163596.0,3342.0,2.0,135578.0,82.89999999999999,24676.0,15.1,0.0,0.0
b2,140325.0,2969.0,2.1,117492.0,83.7,19864.0,14.2,0.0,0.0
b3,178491.0,3907.0,2.1999999999999997,147635.0,82.69999999999999,26949.0,15.1,0.0,0.0
