,total_readcount,WT,WT_%,single_mut_readcount,single_mut_readcount_%,ortho_mut_readcount,ortho_mut_readcount_%,double_mut_readcount,double_mut_readcount_%
input1,18663243.0,41633.0,0.2,531487.0,2.8000000000000003,0.0,0.0,18090123.0,96.89999999999999
input2,18320439.0,42512.0,0.2,513150.0,2.8000000000000003,0.0,0.0,17764777.0,97.0
input3,13170154.0,29296.0,0.2,369213.0,2.8000000000000003,0.0,0.0,12771645.0,97.0
b1,20233866.0,50894.0,0.3,558870.0,2.8000000000000003,0.0,0.0,19624102.0,97.0
b2,21111652.0,50392.0,0.2,586963.0,2.8000000000000003,0.0,0.0,20474297.0,97.0
b3,21495260.0,51978.0,0.2,615882.0,2.9000000000000004,0.0,0.0,20827400.0,96.89999999999999
