,total_readcount,WT,WT_%,single_mut_readcount,single_mut_readcount_%,ortho_mut_readcount,ortho_mut_readcount_%,double_mut_readcount,double_mut_readcount_%
input1,18663243.0,41633.0,0.2,531487.0,2.8000000000000003,0.0,0.0,18090123.0,96.89999999999999
input2,18320439.0,42512.0,0.2,513150.0,2.8000000000000003,0.0,0.0,17764777.0,97.0
input3,13170154.0,29296.0,0.2,369213.0,2.8000000000000003,0.0,0.0,12771645.0,97.0
b1,19679002.0,1194.0,0.0,47662.0,0.2,0.0,0.0,19630146.0,99.8
b2,25327894.0,1872.0,0.0,50302.0,0.2,0.0,0.0,25275720.0,99.8
b3,24765088.0,1110.0,0.0,57336.0,0.2,0.0,0.0,24706642.0,99.8
