,total_readcount,WT,WT_%,single_mut_readcount,single_mut_readcount_%,ortho_mut_readcount,ortho_mut_readcount_%,double_mut_readcount,double_mut_readcount_%
input1,18118896.0,2191.0,0.0,756368.0,4.2,0.0,0.0,17360337.0,95.8
input2,12276069.0,133.0,0.0,510126.0,4.2,0.0,0.0,11765810.0,95.8
input3,12616261.0,197.0,0.0,527241.0,4.2,0.0,0.0,12088823.0,95.8
b1,22209412.0,267.0,0.0,900762.0,4.1000000000000005,0.0,0.0,21308383.0,95.89999999999999
b2,13085278.0,99.0,0.0,526239.0,4.0,0.0,0.0,12558940.0,96.0
b3,13457752.0,195.0,0.0,534828.0,4.0,0.0,0.0,12922729.0,96.0
